0,https://meltingpixel.kr/product/%EC%8B%9C%EC%96%B4%EB%A7%81-%EB%AC%B4%EC%8A%A4%ED%83%95/554/category/24/display/1/
1,https://meltingpixel.kr/product/%EB%A6%AC%EB%B8%8C%EB%93%9C-%EB%8B%88%ED%8A%B8%EC%A7%91%EC%97%85/547/category/24/display/1/
2,https://meltingpixel.kr/product/%ED%95%B8%EB%93%9C-%EA%B0%80%EB%94%94%EA%B1%B4/544/category/24/display/1/
3,https://meltingpixel.kr/product/%ED%8D%BC%EC%A7%80-%EB%88%84%EB%B9%94%EC%A0%90%ED%8D%BC/533/category/24/display/1/
4,https://meltingpixel.kr/product/%EB%B2%A0%EC%9D%B4%ED%81%AC-%EB%A0%88%EB%8D%94%EC%A0%90%ED%8D%BC/530/category/24/display/1/
5,https://meltingpixel.kr/product/%EB%A8%B8%EB%93%9C-%EB%A1%B1%EC%BD%94%ED%8A%B8/527/category/24/display/1/
6,https://meltingpixel.kr/product/%EB%B6%80%ED%81%B4-%ED%95%98%ED%94%84%EC%BD%94%ED%8A%B8/526/category/24/display/1/
7,https://meltingpixel.kr/product/%EB%B3%B4%EC%9D%B4-%EB%B0%9C%EB%A7%88%EC%B9%B8%EC%BD%94%ED%8A%B8/525/category/24/display/1/
8,https://meltingpixel.kr/product/%EB%A5%B4-%EC%8B%B1%EA%B8%80%EC%BD%94%ED%8A%B8/524/category/24/display/1/
9,https://meltingpixel.kr/product/%EB%A7%A5%EC%8B%9C-%EB%8D%94%EB%B8%94%EC%BD%94%ED%8A%B8/523/category/24/display/1/
10,https://meltingpixel.kr/product/%EC%9B%A8%EC%8A%A4%ED%84%B4-%EC%8A%A4%EC%9B%A8%EC%9D%B4%EB%93%9C%EC%9E%90%EC%BC%93/522/category/24/display/1/
11,https://meltingpixel.kr/product/%EB%B2%A0%EC%96%B4-%ED%81%AC%EB%A1%AD%EA%B0%80%EB%94%94%EA%B1%B4/518/category/24/display/1/
12,https://meltingpixel.kr/product/%EB%8D%A4%EB%B8%94%EC%A0%90%ED%8D%BC/517/category/24/display/1/
13,https://meltingpixel.kr/product/%EC%BD%94%ED%8A%BC-%EB%B0%94%EC%9D%B4%EC%BB%A4%EC%9E%90%EC%BC%93/515/category/24/display/1/
14,https://meltingpixel.kr/product/%EB%B3%B4%ED%97%A4%EB%AF%B8%EC%95%88-%EC%8A%A4%EC%9B%A8%EC%9D%B4%EB%93%9C%EC%9E%90%EC%BC%93/493/category/24/display/1/
15,https://meltingpixel.kr/product/%EC%8A%A4%ED%8B%B0%EC%B9%98-%EB%A0%88%EB%8D%94%EC%9E%90%EC%BC%93/463/category/24/display/1/
16,https://meltingpixel.kr/product/%EC%B2%B4%ED%81%AC-%EC%9C%88%EB%93%9C%EB%B8%8C%EB%A0%88%EC%9D%B4%EC%BB%A4/454/category/24/display/1/
17,https://meltingpixel.kr/product/%EC%97%90%EC%8A%A4%EB%8B%89-%ED%9B%84%EB%93%9C%EC%A7%91%EC%97%85/453/category/24/display/1/
18,https://meltingpixel.kr/product/%EC%85%94%EB%A7%81-%EB%85%B8%EC%B9%B4%EB%9D%BC-%EC%9E%90%EC%BC%93/444/category/24/display/1/
19,https://meltingpixel.kr/product/%ED%94%BC%EA%B7%B8-%EC%9B%8C%EC%8B%B1-%ED%9B%84%EB%93%9C%EC%A7%91%EC%97%85/438/category/24/display/1/
20,https://meltingpixel.kr/product/%EC%82%AC%EC%9D%B4%EB%93%9C%EB%9D%BC%EC%9D%B8-%ED%8A%B8%EB%9E%99%EC%85%8B%EC%97%85/425/category/24/display/1/
21,https://meltingpixel.kr/product/%EC%8A%A4%ED%85%94%EB%9D%BC%ED%9B%84%EB%94%94/396/category/24/display/1/
22,https://meltingpixel.kr/product/%ED%95%98%EC%9D%B4%EB%B3%BC%EB%A0%88%EB%A1%9C/385/category/24/display/1/
23,https://meltingpixel.kr/product/%ED%94%8C%EB%9E%AB-%EB%B8%8C%EC%9D%B4%EC%A7%91%EC%97%85/384/category/24/display/1/
24,https://meltingpixel.kr/product/%EB%AA%A8%EC%B9%B4-%EC%B2%B4%ED%81%AC%EB%82%A8%EB%B0%A9/555/category/25/display/1/
25,https://meltingpixel.kr/product/%EB%8D%B0%EC%85%94-%EB%B7%94%EC%8A%A4%ED%8B%B0%EC%97%90/552/category/25/display/1/
26,https://meltingpixel.kr/product/%EB%8D%B0%EC%9D%B4-%ED%8B%B0%EC%85%94%EC%B8%A0/549/category/25/display/1/
27,https://meltingpixel.kr/product/%EB%B3%B4%EC%B9%B4%EC%8B%9C-%EB%8B%88%ED%8A%B8/548/category/25/display/1/
28,https://meltingpixel.kr/product/%ED%94%84%EB%A3%A8%ED%8B%B0-%EB%82%A8%EB%B0%A9/529/category/25/display/1/
29,https://meltingpixel.kr/product/%ED%93%A8%EC%96%B4-%EC%9A%B8%ED%8F%B4%EB%9D%BC/521/category/25/display/1/
30,https://meltingpixel.kr/product/%EC%8A%A4%EB%83%85%ED%9B%84%EB%93%9C/519/category/25/display/1/
31,https://meltingpixel.kr/product/%ED%81%B4%EB%A0%88%EB%94%94-%EC%85%94%EC%B8%A0/516/category/25/display/1/
32,https://meltingpixel.kr/product/%EB%93%80-%EB%B8%8C%EC%9D%B4%EB%84%A5-%ED%8B%B0-2/513/category/25/display/1/
33,https://meltingpixel.kr/product/%EB%B0%98%EC%98%A4%ED%94%84-%EB%A0%88%EC%9D%B4%EC%96%B4%ED%8B%B0/512/category/25/display/1/
34,https://meltingpixel.kr/product/%EB%AF%B8%EB%93%A4-%ED%99%80-%ED%8B%B0/511/category/25/display/1/
35,https://meltingpixel.kr/product/%EB%93%9C%EB%A0%88%EC%9D%B4%ED%94%84%ED%83%91/508/category/25/display/1/
36,https://meltingpixel.kr/product/%EC%9B%A8%EC%9D%B4%EB%B8%8C-%ED%9B%84%EB%93%9C%EB%8B%88%ED%8A%B8/506/category/25/display/1/
37,https://meltingpixel.kr/product/%ED%94%84%EB%A0%88%ED%94%BC-%EC%B2%B4%ED%81%AC%EB%82%A8%EB%B0%A9/505/category/25/display/1/
38,https://meltingpixel.kr/product/%ED%81%AC%EB%A1%AD-%EC%BC%80%EC%9D%B4%EB%B8%94%EB%8B%88%ED%8A%B8/503/category/25/display/1/
39,https://meltingpixel.kr/product/%ED%8C%8C%EC%9A%B4%EB%93%9C-%EC%9A%B8%EB%8B%88%ED%8A%B8-2/502/category/25/display/1/
40,https://meltingpixel.kr/product/%EC%98%A4%ED%8A%B8-%EB%9D%BC%EC%9A%B4%EB%93%9C-%EA%B0%80%EB%94%94%EA%B1%B4/501/category/25/display/1/
41,https://meltingpixel.kr/product/%EC%BA%90%EB%A6%AC-%EC%95%84%EC%9D%BC%EB%A0%9B-set/498/category/25/display/1/
42,https://meltingpixel.kr/product/%EB%B9%85%EC%8A%A4%ED%83%80-%EC%BD%94%ED%8A%BC%EB%B0%98%ED%8C%94/497/category/25/display/1/
43,https://meltingpixel.kr/product/%ED%97%A4%EC%9D%B4%EC%A6%90-%ED%8A%B8%EC%9E%84%ED%8B%B0/492/category/25/display/1/
44,https://meltingpixel.kr/product/%EC%8A%AC%EB%A6%BC-%EB%B8%94%EB%9D%BC%EC%9A%B0%EC%8A%A4/491/category/25/display/1/
45,https://meltingpixel.kr/product/%EC%83%A4-%ED%8A%A4%EB%A6%BD-%EC%9B%90%ED%94%BC%EC%8A%A4/489/category/25/display/1/
46,https://meltingpixel.kr/product/%EC%8A%AC%EB%A6%BF-%EB%9D%BC%EC%9D%B8%ED%8B%B0/488/category/25/display/1/
47,https://meltingpixel.kr/product/%EB%B8%8C%EC%9D%B4%EB%84%A5-11-%EB%A7%A8%ED%88%AC%EB%A7%A8/485/category/25/display/1/
48,https://meltingpixel.kr/product/%EB%A1%9C%EC%9A%B0-%EC%99%80%EC%9D%B4%EB%93%9C%EC%A7%84/557/category/27/display/1/
49,https://meltingpixel.kr/product/%EC%9B%8C%ED%81%AC-%EB%A1%B1%EC%8A%A4%EC%BB%A4%ED%8A%B8/556/category/27/display/1/
50,https://meltingpixel.kr/product/%EB%8B%A4%ED%8A%B8-%EB%B8%94%EB%9E%99%EC%A7%84/551/category/27/display/1/
51,https://meltingpixel.kr/product/%EC%BD%94%ED%8A%BC-%EC%B9%B4%ED%8E%9C%ED%84%B0%ED%8C%AC%EC%B8%A0/550/category/27/display/1/
52,https://meltingpixel.kr/product/%EB%A3%A8%EC%8B%9C-%EC%89%AC%ED%8F%B0%EC%8A%A4%EC%BB%A4%ED%8A%B8/546/category/27/display/1/
53,https://meltingpixel.kr/product/%EC%8A%A4%EB%85%B8%EC%9A%B0-%EA%B7%B8%EB%A0%88%EC%9D%B4%EC%A7%84/542/category/27/display/1/
54,https://meltingpixel.kr/product/%EB%B0%98%ED%8A%B8-%EC%8A%A4%EC%BB%A4%ED%8A%B8/541/category/27/display/1/
55,https://meltingpixel.kr/product/%EB%9F%B0%EB%8D%98-%EC%B2%B4%ED%81%AC%EC%8A%A4%EC%BB%A4%ED%8A%B8/540/category/27/display/1/
56,https://meltingpixel.kr/product/%EC%96%B4%EC%8D%B8-%EC%B2%B4%ED%81%AC%EC%8A%A4%EC%BB%A4%ED%8A%B8/537/category/27/display/1/
57,https://meltingpixel.kr/product/%EB%B2%A8%ED%8B%B0%EB%93%9C-%EC%8A%AC%EB%9E%99%EC%8A%A4/532/category/27/display/1/
58,https://meltingpixel.kr/product/%ED%94%8C%EB%A1%9C%EB%A6%AC-%ED%8C%AC%EC%B8%A0/531/category/27/display/1/
59,https://meltingpixel.kr/product/%EC%8A%A4%ED%84%B0%EB%93%9C%ED%8C%AC%EC%B8%A0/520/category/27/display/1/
60,https://meltingpixel.kr/product/%EB%AC%B4%EB%93%9C-%EB%8D%B0%EB%8B%98%EC%8A%A4%EC%BB%A4%ED%8A%B8/514/category/27/display/1/
61,https://meltingpixel.kr/product/%EB%B9%85%EB%A9%9C%ED%8C%85%ED%8C%AC%EC%B8%A0-fw-ver/510/category/27/display/1/
62,https://meltingpixel.kr/product/%ED%8F%B4%EB%94%A9-%EC%99%80%EC%9D%B4%EB%93%9C%EC%A7%84/509/category/27/display/1/
63,https://meltingpixel.kr/product/%EB%B3%B8%EB%94%A9-%ED%8F%AC%EC%BC%93-%EB%A1%B1%EC%8A%A4%EC%BB%A4%ED%8A%B8/507/category/27/display/1/
64,https://meltingpixel.kr/product/%ED%82%A4%EC%B9%98-%EC%8A%A4%EC%BB%A4%ED%8A%B8/500/category/27/display/1/
65,https://meltingpixel.kr/product/%EC%95%84%EB%AA%AC%EB%93%9C-%ED%94%8C%EB%A6%AC%EC%B8%A0%EC%8A%A4%EC%BB%A4%ED%8A%B8/499/category/27/display/1/
66,https://meltingpixel.kr/product/%ED%94%84%EB%A6%B0%EC%A7%80-%EB%8D%B0%EB%8B%98%EC%8A%A4%EC%BB%A4%ED%8A%B8/495/category/27/display/1/
67,https://meltingpixel.kr/product/%EB%B8%94%EB%A1%9D-%ED%8A%B8%EB%A0%88%EC%9D%B4%EB%8B%9D%ED%8C%AC%EC%B8%A0/490/category/27/display/1/
68,https://meltingpixel.kr/product/%ED%8F%AC%EC%BC%93-%EC%8A%A4%ED%8A%B8%EB%A7%81-%EC%8A%A4%EC%BB%A4%ED%8A%B8/487/category/27/display/1/
69,https://meltingpixel.kr/product/%EC%98%A8-%EB%B0%B4%EB%94%A9%EC%8A%A4%EC%BB%A4%ED%8A%B8/486/category/27/display/1/
70,https://meltingpixel.kr/product/%EB%9F%AC%EC%8A%AC-%EB%B2%8C%EB%A3%AC%ED%8C%AC%EC%B8%A0/480/category/27/display/1/
71,https://meltingpixel.kr/product/%ED%8A%B8%EC%9C%84%EB%93%9C-%EC%8A%A4%EC%BB%A4%ED%8A%B8/477/category/27/display/1/
72,https://meltingpixel.kr/product/%ED%8C%A8%EC%B9%98-%EB%8D%B0%EB%8B%98%EB%B0%B1/545/category/42/display/1/
73,https://meltingpixel.kr/product/%EB%9D%BC%EC%9A%B4%EB%93%9C-%EC%B9%B4%EA%B3%A0-%EB%A1%B1%EB%B6%80%EC%B8%A0/472/category/42/display/1/
74,https://meltingpixel.kr/product/%EA%B8%80%EB%A1%9C%EC%8B%9C-%EB%B0%B1%ED%8C%A9/437/category/42/display/1/
75,https://meltingpixel.kr/product/%EB%B2%84%ED%81%B4%EB%A0%88%EC%9D%B8%EB%B6%80%EC%B8%A0/388/category/42/display/1/
76,https://meltingpixel.kr/product/%EB%A6%B0%EB%84%A8%ED%86%B5%EA%B5%BD%EB%B6%80%EC%B8%A0/360/category/42/display/1/
77,https://meltingpixel.kr/product/%EB%8D%A4%EB%B8%94%EB%B6%80%EC%B8%A0/223/category/42/display/1/
78,https://meltingpixel.kr/product/%EB%A1%B1%EC%96%B4%EA%B7%B8/193/category/42/display/1/
79,https://meltingpixel.kr/product/%ED%8E%98%EB%8B%88%EB%A1%9C%ED%8D%BC/187/category/42/display/1/
80,https://meltingpixel.kr/product/%EB%A7%81%ED%81%B4%EB%B6%80%EC%B8%A0/118/category/42/display/1/
81,https://meltingpixel.kr/product/%ED%8E%98%EB%8D%94-%EB%A8%B8%ED%94%8C%EB%9F%AC/553/category/43/display/1/
82,https://meltingpixel.kr/product/%ED%94%8C%EB%9F%AC%ED%94%BC-%ED%97%A4%EC%96%B4%ED%83%80%EC%9D%B4/543/category/43/display/1/
83,https://meltingpixel.kr/product/%EB%8B%88%ED%8A%B8-%EC%8A%A4%ED%83%80%ED%82%B9/536/category/43/display/1/
84,https://meltingpixel.kr/product/%ED%8F%AC%ED%84%B0-%EB%B0%B0%EC%83%89%EB%A8%B8%ED%94%8C%EB%9F%AC/534/category/43/display/1/
85,https://meltingpixel.kr/product/%EB%9D%BD%EC%8B%9C%ED%81%AC-%EB%B2%A8%ED%8A%B8/528/category/43/display/1/
86,https://meltingpixel.kr/product/%ED%8A%B8%EC%9C%88-%EB%A6%AC%EB%B3%B8%EB%AA%A9%EA%B1%B8%EC%9D%B4/504/category/43/display/1/
87,https://meltingpixel.kr/product/%EB%B8%8C%EB%A0%88%EC%9D%B4%EB%93%9C-%EB%B2%A8%ED%8A%B8/494/category/43/display/1/
88,https://meltingpixel.kr/product/%EC%BB%B4%ED%8C%A9%ED%8A%B8-%ED%8F%AC%EC%BC%93%EB%B2%A8%ED%8A%B8/471/category/43/display/1/
89,https://meltingpixel.kr/product/%EC%9A%B0%EB%94%94-%EB%B9%88%ED%8B%B0%EC%A7%80-%EB%AA%A9%EA%B1%B8%EC%9D%B4/470/category/43/display/1/
90,https://meltingpixel.kr/product/%EC%9C%84%EB%B9%99%ED%83%80%EC%9D%B4-%EB%B2%A8%ED%8A%B8/464/category/43/display/1/
91,https://meltingpixel.kr/product/%EC%97%94%ED%8B%B1-%EC%B2%B4%EC%9D%B8%EB%B2%A8%ED%8A%B8/462/category/43/display/1/
92,https://meltingpixel.kr/product/%ED%9E%88%ED%94%BC-%EB%B2%A8%ED%8A%B8/461/category/43/display/1/
93,https://meltingpixel.kr/product/%EC%8A%A4%ED%84%B0%EB%93%9C-%EC%94%AC%EB%B2%A8%ED%8A%B8/460/category/43/display/1/
94,https://meltingpixel.kr/product/%EC%8A%A4%ED%8C%8C%ED%81%B4%EB%A7%81-%EC%8A%A4%ED%83%80-%EB%AA%A9%EA%B1%B8%EC%9D%B4/452/category/43/display/1/
95,https://meltingpixel.kr/product/%EB%82%98%EB%B9%84%EB%AA%A9%EA%B1%B8%EC%9D%B4/411/category/43/display/1/
96,https://meltingpixel.kr/product/%EC%9A%B0%EB%93%9C%EB%B9%84%EC%A6%88%EB%AA%A9%EA%B1%B8%EC%9D%B4/410/category/43/display/1/
97,https://meltingpixel.kr/product/%ED%8A%B8%EB%A6%AC%ED%94%8C%ED%95%80/407/category/43/display/1/
98,https://meltingpixel.kr/product/%EC%8B%A4%EB%B2%84%ED%95%80%EC%84%B8%ED%8A%B8/392/category/43/display/1/
99,https://meltingpixel.kr/product/%EC%83%88%ED%8B%B4%EB%A6%AC%EB%B3%B8%ED%95%80/391/category/43/display/1/
100,https://meltingpixel.kr/product/%EB%AF%B8%EB%8B%88%EB%A6%AC%EB%B3%B8%ED%95%80/390/category/43/display/1/
101,https://meltingpixel.kr/product/%EC%84%9C%ED%8D%BC%ED%95%80/389/category/43/display/1/
102,https://meltingpixel.kr/product/%ED%94%8C%EB%9D%BC%EC%9B%8C%EB%AA%A9%EA%B1%B8%EC%9D%B4/382/category/43/display/1/
103,https://meltingpixel.kr/product/%EC%97%90%EC%8A%A4%EB%8B%89-%EB%81%88%ED%8C%94%EC%B0%8C/371/category/43/display/1/
104,https://meltingpixel.kr/product/%EC%8A%A4%ED%83%80%ED%97%A4%EC%96%B4%ED%95%80/369/category/43/display/1/
105,https://meltingpixel.kr/product/%EC%8A%A4%ED%94%84%EB%A7%81%EB%B6%80%EC%B8%A0%EC%BB%B7%EB%8D%B0%EB%8B%98/261/category/44/display/1/
106,https://meltingpixel.kr/product/%EA%B1%B4%EB%B9%B5%EC%8A%A4%EC%BB%A4%ED%8A%B8/200/category/44/display/1/
107,https://meltingpixel.kr/product/%EB%89%B4%EC%8A%A4%EB%A0%88%ED%84%B0%ED%8B%B0/157/category/44/display/1/
108,https://meltingpixel.kr/product/%EB%A6%B0%EB%84%A8%ED%86%B5%EA%B5%BD%EB%B6%80%EC%B8%A0/360/category/44/display/1/
109,https://meltingpixel.kr/product/%EC%83%9D%EC%A7%80%EB%8D%B0%EB%8B%98%EC%85%8B%EC%97%85/341/category/44/display/1/
110,https://meltingpixel.kr/product/%EA%B2%8C%EB%8D%94%EC%8A%A4%EC%BB%A4%ED%8A%B8/456/category/44/display/1/
111,https://meltingpixel.kr/product/%EA%B3%A8%EC%A7%80%EC%9B%8C%EB%A8%B8%ED%8B%B0/156/category/44/display/1/
112,https://meltingpixel.kr/product/%EA%B5%AC%EC%A0%9C%EB%8D%B0%EB%AF%B8%EC%A7%80%EB%8D%B0%EB%8B%98/331/category/44/display/1/
113,https://meltingpixel.kr/product/%EA%B8%80%EB%A1%9C%EC%8B%9C-%EB%B0%B1%ED%8C%A9/437/category/44/display/1/
114,https://meltingpixel.kr/product/%EB%84%88%EB%93%9C%EC%85%94%EC%B8%A0/127/category/44/display/1/
115,https://meltingpixel.kr/product/%EB%84%A4%EC%9D%B4%EC%B3%90%ED%83%91/473/category/44/display/1/
116,https://meltingpixel.kr/product/%EB%85%B8%EB%A5%B4%EB%94%95-%ED%95%98%ED%94%84%ED%8C%AC%EC%B8%A0/210/category/44/display/1/
117,https://meltingpixel.kr/product/%EB%88%84%EB%94%94%EB%B6%80%EC%B8%A0%EC%BB%B7/405/category/44/display/1/
118,https://meltingpixel.kr/product/%EB%8D%94%EB%B8%94-%ED%94%8C%EB%A6%AC%EC%B8%A0-%EC%8A%A4%EC%BB%A4%ED%8A%B8/436/category/44/display/1/
119,https://meltingpixel.kr/product/%EB%8D%94%EC%8A%A4%ED%8A%B8%EA%B7%B8%EB%A0%88%EC%9D%B4%EC%A7%84/218/category/44/display/1/
120,https://meltingpixel.kr/product/%EB%8D%A4%EB%B8%94%EB%B6%80%EC%B8%A0/223/category/44/display/1/
121,https://meltingpixel.kr/product/%EB%93%9C%EB%A0%88%EC%9D%B4%ED%94%84%ED%83%91/508/category/44/display/1/
122,https://meltingpixel.kr/product/%EB%94%94%ED%95%91%EB%82%A8%EB%B0%A9/138/category/44/display/1/
123,https://meltingpixel.kr/product/%EB%94%A5%EC%8A%AC%EB%A6%AC%EB%B8%8C%EB%A6%AC%EC%8A%A4/308/category/44/display/1/
124,https://meltingpixel.kr/product/%EB%94%A5%ED%86%A4-%EC%99%80%EC%9D%B4%EB%93%9C-%EB%8D%B0%EB%8B%98/467/category/44/display/1/
125,https://meltingpixel.kr/product/%EB%9D%BC%EC%9A%B4%EB%93%9C-%EC%B9%B4%EA%B3%A0-%EB%A1%B1%EB%B6%80%EC%B8%A0/472/category/44/display/1/
126,https://meltingpixel.kr/product/%EB%9D%BC%EC%9D%B4%ED%8A%B8%ED%8B%B0/420/category/44/display/1/
127,https://meltingpixel.kr/product/%EB%9E%A9-%EC%8A%AC%EB%A6%AC%EB%B8%8C%EB%A6%AC%EC%8A%A4/484/category/44/display/1/
128,https://meltingpixel.kr/product/%EB%9E%A9%ED%8F%AC%EC%BC%93%ED%8C%AC%EC%B8%A0/310/category/44/display/1/
129,https://meltingpixel.kr/product/%EB%B9%85%EB%A9%9C%ED%8C%85%ED%8C%AC%EC%B8%A0-fw-ver/510/category/45/display/1/
130,https://meltingpixel.kr/product/%EC%96%B8%EB%B0%9C-%EB%B2%84%ED%8A%BC%EA%B0%80%EB%94%94%EA%B1%B4-set/476/category/45/display/1/
131,https://meltingpixel.kr/product/%ED%8F%AC%EC%9B%A8%EC%9D%B4%EA%B0%9C%ED%8C%8C%EC%B9%B4/151/category/45/display/1/
132,https://meltingpixel.kr/product/%EC%96%B4%EC%8D%B8-%EC%B2%B4%ED%81%AC%EC%8A%A4%EC%BB%A4%ED%8A%B8/537/category/45/display/1/
133,https://meltingpixel.kr/product/%EC%86%9C%EB%88%84%EB%B9%94%ED%8C%AC%EC%B8%A0/258/category/45/display/1/
134,https://meltingpixel.kr/product/%EB%8D%B0%EC%9D%B4-%ED%8B%B0%EC%85%94%EC%B8%A0/549/category/45/display/1/
135,https://meltingpixel.kr/product/%EB%B0%98%EC%98%A4%ED%94%84-%EB%A0%88%EC%9D%B4%EC%96%B4%ED%8B%B0/512/category/45/display/1/
136,https://meltingpixel.kr/product/%EB%BD%80%EC%86%A1%EB%A8%B8%ED%94%8C%EB%9F%AC/191/category/45/display/1/
137,https://meltingpixel.kr/product/%EC%85%94%EB%A7%81%EB%82%98%EC%8B%9C%ED%83%91-11/60/category/45/display/1/
138,https://meltingpixel.kr/product/%EB%A7%A5%EC%8B%9C-%EB%8D%94%EB%B8%94%EC%BD%94%ED%8A%B8/523/category/45/display/1/
139,https://meltingpixel.kr/product/%EB%B2%A0%EC%96%B4-%ED%81%AC%EB%A1%AD%EA%B0%80%EB%94%94%EA%B1%B4/518/category/45/display/1/
140,https://meltingpixel.kr/product/%ED%8F%AC%ED%84%B0-%EB%B0%B0%EC%83%89%EB%A8%B8%ED%94%8C%EB%9F%AC/534/category/45/display/1/
141,https://meltingpixel.kr/product/%EB%A8%B8%EB%93%9C-%EB%A1%B1%EC%BD%94%ED%8A%B8/527/category/45/display/1/
142,https://meltingpixel.kr/product/%EB%B3%B4%EC%9D%B4-%EB%B0%9C%EB%A7%88%EC%B9%B8%EC%BD%94%ED%8A%B8/525/category/45/display/1/
143,https://meltingpixel.kr/product/%ED%9D%91%EC%B2%AD-%EC%99%80%EC%9D%B4%EB%93%9C-%EB%8D%B0%EB%8B%98/455/category/45/display/1/
144,https://meltingpixel.kr/product/%EB%A7%81%ED%81%B4%EB%A0%88%EA%B7%B8%EC%9B%8C%EB%A8%B8/313/category/45/display/1/
145,https://meltingpixel.kr/product/%EB%8B%A4%ED%8A%B8-%EB%B8%94%EB%9E%99%EC%A7%84/551/category/45/display/1/
146,https://meltingpixel.kr/product/%EC%8A%A4%ED%84%B0%EB%93%9C%ED%8C%AC%EC%B8%A0/520/category/45/display/1/
147,https://meltingpixel.kr/product/%EC%98%A4%ED%8A%B8-%EB%9D%BC%EC%9A%B4%EB%93%9C-%EA%B0%80%EB%94%94%EA%B1%B4/501/category/45/display/1/
148,https://meltingpixel.kr/product/%ED%8C%8C%EC%9A%B4%EB%93%9C-%EC%9A%B8%EB%8B%88%ED%8A%B8-2/502/category/45/display/1/
149,https://meltingpixel.kr/product/%EB%93%80-%EB%B2%A0%EC%9D%B4%EC%A7%81-%ED%8B%B0/124/category/45/display/1/
150,https://meltingpixel.kr/product/%EB%8D%A4%EB%B8%94%EC%A0%90%ED%8D%BC/517/category/45/display/1/
151,https://meltingpixel.kr/product/%ED%95%B8%EB%93%9C-%EA%B0%80%EB%94%94%EA%B1%B4/544/category/45/display/1/
152,https://meltingpixel.kr/product/%EB%A0%88%ED%8A%B8%EB%A1%9C%EC%A7%84/162/category/45/display/1/
